﻿[
    {
        "name": "Малюга Наталія Михайлівна"
    },
    {
        "name": "Барановська Інна Ігорівна"
    },
    {
        "name": "Кучмійова Тетяна Сергіївна"
    },
    {
        "name": "Добровольська Світлана Анатоліївна"
    },
    {
        "name": "Воробйова Софія Сергіївна"
    },
    {
        "name": "Лагодієнко Наталія Володимирівна"
    },
    {
        "name": "Кугляр Анна Андріївна"
    },
    {
        "name": "Мулик Тетяна Олексіївна"
    },
    {
        "name": "Муравський Олександр Юрійович"
    },
    {
        "name": "Назарова Каріна Олександрівна"
    },
    {
        "name": "Бугай Дмитро Вікторович"
    },
    {
        "name": "Нежива Марія Олександрівна"
    },
    {
        "name": "Єфімова Анастасія  Миколаївна "
    },
    {
        "name": "Тлучкевич Наталія Володимирівна"
    },
    {
        "name": "Романюк Олена Валеріївна"
    },
    {
        "name": "Dr Jurij Renkas"
    },
    {
        "name": "Цятковська Олена Віталіївна"
    },
    {
        "name": "Юр'єва Ірина Анатоліївна"
    },
    {
        "name": "Альошин Владислав Євгенович"
    },
    {
        "name": "Потриваєва Наталя Володимирівна"
    },
    {
        "name": "Лугова Ольга Іванівна"
    },
    {
        "name": "Єфімова Анастасія Миколаївна,"
    },
    {
        "name": "Купріянчук Наталія Вікторівна "
    },
    {
        "name": "Чирко Вікторія, Олександрівна"
    },
    {
        "name": "Шавурська Олена Вяеславівна"
    },
    {
        "name": "Потриваєва Наталя Володимирівна"
    },
    {
        "name": "Гудемчук Юлія Ігорівна"
    },
    {
        "name": "Кулаківський Дмитро Валентинович"
    },
    {
        "name": "ШЕПЕЛЮК Віра Анатоліївна"
    },
    {
        "name": "Проскуріна Неля Миколаївна"
    },
    {
        "name": "Йожикова Ірина Валеріївна"
    },
    {
        "name": "Михайлова Аліна Юріївна"
    },
    {
        "name": "Марусяк Вікторія Вікторівна"
    },
    {
        "name": "Григорів Ольга Орестівна"
    },
    {
        "name": "Трохановський Володимир Дмитрович "
    },
    {
        "name": "Василюк Марія Михайлівна"
    },
    {
        "name": "Гавадзин Юрій Богданович"
    },
    {
        "name": "Василюк Марія Михайлівна"
    },
    {
        "name": "Небесна Христина Володимирівна "
    },
    {
        "name": "Григорів Ольга Орестівна"
    },
    {
        "name": "Бойко Лілія Миколаївна "
    },
    {
        "name": "Метлицька Юлія Олександрівна"
    },
    {
        "name": "Іваненко Євген Володимирович"
    },
    {
        "name": "Данильчук Дарина Олександрівна"
    },
    {
        "name": "Бацула Богдана Сергіївна"
    },
    {
        "name": "Нестерчук Тетяна Василівна"
    },
    {
        "name": "Сябер Аліна Геннадіївна"
    },
    {
        "name": "Магаляс Ірина Валентинівна"
    },
    {
        "name": "Саранчук Аліна Юріївна"
    },
    {
        "name": "Нечипорук Крістіна Юріївна"
    },
    {
        "name": "Бондарчук Анна Олегівна"
    },
    {
        "name": "Овсюк Ніна Василівна"
    },
    {
        "name": "Сушицька Тетяна Миронівна "
    },
    {
        "name": "Цимбалюк Ігор Сергійович"
    },
    {
        "name": "Марчук Ульяна Олександрівна"
    },
    {
        "name": "Сушицька Тетяна Миронівна "
    },
    {
        "name": "Скорнякова Юлія Борисівна"
    },
    {
        "name": "Лапшункова Олександра Василівна"
    },
    {
        "name": "Бежевець Яна Олександрівна "
    },
    {
        "name": "Сабініна Аліна Вадимівна"
    },
    {
        "name": "Грищенко Любов Василівна магістр"
    },
    {
        "name": "Зубілевич Світлана Яківна"
    },
    {
        "name": "Вінницька Оксана Анатоліївна"
    },
    {
        "name": "Прохорова Александра Анатоліївна"
    },
    {
        "name": "Блащук Анастасія Миколаївна"
    },
    {
        "name": "Назарівська Вікторія Олександрівна"
    },
    {
        "name": "Бойко Лілія Миколаївна  "
    },
    {
        "name": "Шевчук Назарій Антонович"
    },
    {
        "name": "Голуб'єв Павло Ігорович"
    },
    {
        "name": "Panus Valentina"
    },
    {
        "name": "Paladi Valentina"
    },
    {
        "name": "Erhan Lica"
    },
    {
        "name": "Ludmila  Grabarovschi"
    },
    {
        "name": "Ghenadie Bejan"
    },
    {
        "name": "Joanna Toborek- Mazur "
    },
    {
        "name": "Karol Partacz"
    },
    {
        "name": "ADA STAHOVSCHI"
    },
    {
        "name": "Olesea BUCUCI"
    }
]